team,season,home_avg,road_avg,overall_avg
Washington,2006,87631.0,68298.0,78609.0
NY Giants,2006,78613.0,70988.0,74800.0
Kansas City,2006,77909.0,68276.0,73781.0
NY Jets,2006,77321.0,69934.0,74155.0
Denver,2006,76347.0,68980.0,72909.0
Carolina,2006,73567.0,70728.0,72242.0
Cleveland,2006,72334.0,67449.0,70054.0
Baltimore,2006,70818.0,69830.0,70324.0
Green Bay,2006,70718.0,66934.0,69096.0
Atlanta,2006,70432.0,70343.0,70388.0
Houston,2006,70183.0,70347.0,70253.0
Philadelphia,2006,69224.0,71154.0,70125.0
Tennessee,2006,69143.0,69029.0,69094.0
New Orleans,2006,68808.0,69696.0,69252.0
New England,2006,68756.0,70478.0,69494.0
San Francisco,2006,68150.0,67610.0,67880.0
Seattle,2006,67977.0,67471.0,67724.0
Buffalo,2006,67646.0,68305.0,67928.0
Jacksonville,2006,66858.0,73164.0,69560.0
Los Angeles Chargers,2006,66378.0,70115.0,68122.0
Cincinnati,2006,65983.0,70869.0,68263.0
Tampa Bay,2006,65582.0,68265.0,66923.0
Los Angeles Rams,2006,65326.0,68332.0,66614.0
Arizona,2006,63603.0,67852.0,65424.0
Dallas,2006,63288.0,72900.0,68094.0
Pittsburgh,2006,62432.0,70034.0,65980.0
Chicago,2006,62223.0,69546.0,65640.0
Detroit,2006,60889.0,67183.0,63826.0
Washington,2007,88090.0,70158.0,79721.0
NY Giants,2007,78731.0,69496.0,74421.0
NY Jets,2007,77106.0,69676.0,73639.0
Kansas City,2007,76777.0,68320.0,73152.0
Denver,2007,76611.0,67942.0,72896.0
Carolina,2007,73402.0,67441.0,70422.0
Cleveland,2007,73000.0,67857.0,70600.0
Baltimore,2007,71153.0,67526.0,69460.0
Buffalo,2007,71054.0,71702.0,71357.0
Green Bay,2007,70805.0,70079.0,70466.0
Houston,2007,70519.0,68167.0,69511.0
New Orleans,2007,70004.0,68021.0,69078.0
Tennessee,2007,69143.0,69796.0,69447.0
New England,2007,68756.0,71637.0,69991.0
Atlanta,2007,68395.0,66520.0,67520.0
Seattle,2007,68193.0,67726.0,67960.0
Philadelphia,2007,68169.0,74201.0,70984.0
San Francisco,2007,68028.0,69201.0,68615.0
Cincinnati,2007,65790.0,69503.0,67523.0
Los Angeles Chargers,2007,65502.0,71186.0,67938.0
Tampa Bay,2007,65316.0,68587.0,66842.0
Jacksonville,2007,65301.0,69588.0,67301.0
Arizona,2007,64580.0,69472.0,67026.0
Los Angeles Rams,2007,64294.0,66916.0,65605.0
Dallas,2007,63534.0,72550.0,67742.0
Chicago,2007,62158.0,69636.0,65363.0
Pittsburgh,2007,62084.0,70579.0,66331.0
Detroit,2007,61304.0,70135.0,65089.0
Washington,2008,88604.0,67173.0,77888.0
NY Giants,2008,79069.0,68325.0,73697.0
NY Jets,2008,78482.0,67796.0,73139.0
Denver,2008,75509.0,70658.0,73084.0
Kansas City,2008,74077.0,68700.0,71389.0
Carolina,2008,73210.0,65704.0,69457.0
Cleveland,2008,72778.0,70674.0,71726.0
Buffalo,2008,71405.0,68806.0,70019.0
Baltimore,2008,71269.0,68164.0,69716.0
Green Bay,2008,70682.0,65496.0,68089.0
Houston,2008,70420.0,64031.0,67226.0
New Orleans,2008,70092.0,69007.0,69514.0
Philadelphia,2008,69144.0,69836.0,69490.0
Tennessee,2008,69143.0,66864.0,68003.0
New England,2008,68756.0,68762.0,68759.0
Los Angeles Chargers,2008,68138.0,67865.0,68011.0
Seattle,2008,67995.0,66393.0,67194.0
San Francisco,2008,67512.0,67031.0,67272.0
Indianapolis,2008,66378.0,68048.0,67213.0
Miami,2008,65489.0,70273.0,67722.0
Jacksonville,2008,65167.0,66441.0,65804.0
Cincinnati,2008,64582.0,69974.0,67278.0
Tampa Bay,2008,64511.0,66620.0,65565.0
Arizona,2008,64096.0,71787.0,67942.0
Atlanta,2008,64065.0,67168.0,65617.0
Dallas,2008,63368.0,71242.0,67305.0
Minnesota,2008,63267.0,64705.0,63986.0
Pittsburgh,2008,62890.0,71734.0,67312.0
Chicago,2008,62034.0,66516.0,64275.0
Los Angeles Rams,2008,59980.0,71283.0,65632.0
Las Vegas Raiders,2008,57850.0,70152.0,64001.0
Detroit,2008,54497.0,66808.0,60652.0
Dallas,2009,89756.0,73647.0,81701.0
Washington,2009,84794.0,65881.0,75337.0
NY Giants,2009,78701.0,74289.0,76495.0
NY Jets,2009,77052.0,63993.0,70958.0
Denver,2009,75116.0,67341.0,71228.0
Carolina,2009,73289.0,72038.0,72664.0
Baltimore,2009,71082.0,63177.0,67129.0
Green Bay,2009,70708.0,62689.0,66698.0
Houston,2009,70608.0,60623.0,65615.0
Buffalo,2009,70128.0,67284.0,68611.0
New Orleans,2009,70105.0,69396.0,69750.0
San Francisco,2009,69732.0,64717.0,67224.0
Philadelphia,2009,69144.0,73967.0,71555.0
Tennessee,2009,69143.0,66618.0,67880.0
Cleveland,2009,68888.0,62888.0,65888.0
New England,2009,68756.0,71956.0,70249.0
Atlanta,2009,68173.0,72658.0,70416.0
Los Angeles Chargers,2009,67543.0,72059.0,69801.0
Miami,2009,67542.0,69294.0,68418.0
Kansas City,2009,67514.0,63677.0,65595.0
Seattle,2009,67392.0,66393.0,66892.0
Indianapolis,2009,66549.0,66760.0,66654.0
Cincinnati,2009,64004.0,65379.0,64691.0
Minnesota,2009,63775.0,65490.0,64632.0
Pittsburgh,2009,63485.0,67938.0,65711.0
Arizona,2009,63142.0,61750.0,62446.0
Tampa Bay,2009,62991.0,71059.0,67294.0
Chicago,2009,62250.0,66639.0,64444.0
Los Angeles Rams,2009,55237.0,62715.0,58976.0
Jacksonville,2009,49651.0,69243.0,59447.0
Detroit,2009,49395.0,67064.0,58230.0
Las Vegas Raiders,2009,44284.0,71657.0,57971.0
Dallas,2010,87047.0,72699.0,79873.0
Washington,2010,83172.0,66047.0,74609.0
NY Giants,2010,79019.0,69867.0,74443.0
NY Jets,2010,78596.0,66825.0,72710.0
Denver,2010,74908.0,63749.0,69700.0
Carolina,2010,72620.0,62992.0,67806.0
Baltimore,2010,71227.0,69202.0,70214.0
Houston,2010,71080.0,67497.0,69289.0
Green Bay,2010,70795.0,69538.0,70166.0
New Orleans,2010,70038.0,69103.0,69570.0
San Francisco,2010,69732.0,66046.0,67766.0
Philadelphia,2010,69144.0,71596.0,70370.0
Tennessee,2010,69143.0,70265.0,69704.0
New England,2010,68756.0,67338.0,68047.0
Atlanta,2010,67850.0,64173.0,66011.0
Miami,2010,67744.0,66886.0,67315.0
Kansas City,2010,67672.0,66050.0,66861.0
Seattle,2010,66992.0,59192.0,63092.0
Indianapolis,2010,66975.0,69747.0,68361.0
Cleveland,2010,66116.0,61121.0,63619.0
Los Angeles Chargers,2010,65530.0,63059.0,64294.0
Buffalo,2010,63195.0,67692.0,65593.0
Pittsburgh,2010,63083.0,68130.0,65607.0
Jacksonville,2010,63032.0,69667.0,66350.0
Arizona,2010,62774.0,65066.0,63920.0
Chicago,2010,62195.0,67793.0,64807.0
Cincinnati,2010,60364.0,68866.0,64615.0
Minnesota,2010,58751.0,69973.0,64362.0
Detroit,2010,56285.0,65866.0,61076.0
Los Angeles Rams,2010,52922.0,60976.0,56949.0
Tampa Bay,2010,49314.0,67812.0,58563.0
Las Vegas Raiders,2010,46431.0,67491.0,56961.0
Dallas,2011,85512.0,71859.0,78685.0
NY Giants,2011,79475.0,74544.0,77009.0
NY Jets,2011,78986.0,69438.0,74212.0
Washington,2011,76921.0,70199.0,73784.0
Denver,2011,75327.0,63374.0,69350.0
New Orleans,2011,73042.0,65199.0,69120.0
Carolina,2011,72292.0,65030.0,68661.0
Kansas City,2011,72082.0,66318.0,69200.0
Houston,2011,71496.0,60966.0,66231.0
Baltimore,2011,71224.0,64263.0,67743.0
Green Bay,2011,70512.0,69865.0,70188.0
San Francisco,2011,69732.0,63430.0,66581.0
Philadelphia,2011,69144.0,72002.0,70573.0
Tennessee,2011,69143.0,65569.0,67356.0
Atlanta,2011,68986.0,65191.0,67088.0
New England,2011,68756.0,70580.0,69668.0
Seattle,2011,66413.0,67455.0,66934.0
Cleveland,2011,65859.0,63014.0,64437.0
Los Angeles Chargers,2011,65392.0,67718.0,66555.0
Indianapolis,2011,64828.0,66507.0,65668.0
Detroit,2011,63742.0,66455.0,65098.0
Pittsburgh,2011,63034.0,68154.0,65594.0
Minnesota,2011,62816.0,68132.0,65474.0
Buffalo,2011,62694.0,67770.0,65402.0
Jacksonville,2011,62331.0,68875.0,65603.0
Chicago,2011,62145.0,68456.0,65090.0
Arizona,2011,61181.0,64026.0,62603.0
Miami,2011,60886.0,72161.0,66523.0
Las Vegas Raiders,2011,59242.0,68086.0,63664.0
Tampa Bay,2011,56614.0,68246.0,62817.0
Los Angeles Rams,2011,56394.0,68862.0,62628.0
Cincinnati,2011,49251.0,66124.0,57687.0
Dallas,2012,88531.0,72759.0,80645.0
NY Giants,2012,80495.0,73245.0,76870.0
Washington,2012,79654.0,69058.0,74356.0
NY Jets,2012,79088.0,63702.0,71395.0
Denver,2012,76632.0,68089.0,72361.0
Carolina,2012,73293.0,65263.0,69278.0
New Orleans,2012,72888.0,72573.0,72731.0
Houston,2012,71665.0,68831.0,70248.0
Baltimore,2012,71278.0,67396.0,69337.0
Green Bay,2012,70507.0,67756.0,69131.0
Atlanta,2012,70096.0,67703.0,68899.0
San Francisco,2012,69732.0,67131.0,68431.0
Philadelphia,2012,69144.0,71717.0,70430.0
Tennessee,2012,69143.0,64694.0,66918.0
New England,2012,68755.0,71526.0,70048.0
Kansas City,2012,68508.0,61496.0,65002.0
Seattle,2012,67946.0,61812.0,65083.0
Cleveland,2012,66632.0,66526.0,66579.0
Indianapolis,2012,65189.0,67640.0,66415.0
Jacksonville,2012,64984.0,61337.0,63160.0
Buffalo,2012,64950.0,67230.0,66166.0
Detroit,2012,63769.0,66036.0,64903.0
Chicago,2012,62329.0,69728.0,66028.0
Cincinnati,2012,61188.0,66488.0,63838.0
Pittsburgh,2012,61141.0,73679.0,67410.0
Arizona,2012,60890.0,67639.0,64265.0
Minnesota,2012,60725.0,66737.0,63731.0
Los Angeles Chargers,2012,59964.0,67793.0,63879.0
Miami,2012,57379.0,68260.0,62819.0
Los Angeles Rams,2012,56703.0,61862.0,59454.0
Tampa Bay,2012,55102.0,70454.0,62778.0
Las Vegas Raiders,2012,54216.0,67812.0,61014.0
Dallas,2013,88043.0,71904.0,79973.0
NY Giants,2013,80148.0,71043.0,75595.0
Green Bay,2013,77947.0,70953.0,74450.0
Washington,2013,77220.0,72780.0,75000.0
NY Jets,2013,76957.0,69181.0,73069.0
Denver,2013,76872.0,72396.0,74634.0
Kansas City,2013,75359.0,64391.0,69875.0
Carolina,2013,73443.0,65585.0,69514.0
New Orleans,2013,72901.0,67502.0,70201.0
Houston,2013,71658.0,66301.0,68980.0
Cleveland,2013,71242.0,69101.0,70171.0
Baltimore,2013,71135.0,67117.0,69126.0
Atlanta,2013,70224.0,68577.0,69455.0
San Francisco,2013,69732.0,67804.0,68832.0
Philadelphia,2013,69144.0,73500.0,71322.0
Tennessee,2013,69143.0,63082.0,66112.0
New England,2013,68756.0,71346.0,70051.0
Seattle,2013,68197.0,68569.0,68383.0
Buffalo,2013,66267.0,66204.0,66233.0
Indianapolis,2013,65950.0,65885.0,65918.0
Miami,2013,64319.0,65874.0,65096.0
Los Angeles Chargers,2013,64205.0,67349.0,65777.0
Minnesota,2013,64019.0,70987.0,67735.0
Detroit,2013,63796.0,67934.0,65865.0
Cincinnati,2013,63297.0,61928.0,62612.0
Chicago,2013,62358.0,69776.0,66067.0
Arizona,2013,61033.0,63679.0,62356.0
Jacksonville,2013,59940.0,65634.0,62977.0
Tampa Bay,2013,58818.0,68196.0,63507.0
Pittsburgh,2013,57311.0,69109.0,62816.0
Los Angeles Rams,2013,56957.0,69917.0,63437.0
Las Vegas Raiders,2013,50444.0,75135.0,62789.0
Dallas,2014,90069.0,69840.0,80629.0
NY Giants,2014,78967.0,70453.0,74710.0
NY Jets,2014,78160.0,66494.0,72327.0
Green Bay,2014,78139.0,65430.0,71785.0
Washington,2014,77964.0,69448.0,73706.0
Denver,2014,76939.0,67656.0,72297.0
Kansas City,2014,74967.0,65938.0,70453.0
Carolina,2014,73607.0,66806.0,70207.0
New Orleans,2014,73112.0,68635.0,70874.0
Houston,2014,71766.0,67731.0,69748.0
Baltimore,2014,71044.0,65972.0,68508.0
San Francisco,2014,70774.0,70493.0,70633.0
Atlanta,2014,70502.0,67997.0,69166.0
Miami,2014,70035.0,69297.0,69690.0
Philadelphia,2014,69596.0,74616.0,72106.0
Tennessee,2014,69143.0,67965.0,68554.0
New England,2014,68756.0,70241.0,69498.0
Seattle,2014,68412.0,69999.0,69206.0
Buffalo,2014,67522.0,68224.0,67873.0
Cleveland,2014,67425.0,68056.0,67740.0
Los Angeles Chargers,2014,65432.0,68259.0,66845.0
Indianapolis,2014,65375.0,72281.0,68828.0
Detroit,2014,63024.0,69820.0,66422.0
Jacksonville,2014,62961.0,67786.0,65534.0
Pittsburgh,2014,62226.0,70341.0,66283.0
Arizona,2014,61979.0,69686.0,65832.0
Chicago,2014,61681.0,69614.0,65647.0
Cincinnati,2014,60703.0,67442.0,64072.0
Tampa Bay,2014,59659.0,68318.0,63988.0
Las Vegas Raiders,2014,57416.0,69267.0,63341.0
Los Angeles Rams,2014,57018.0,67908.0,62463.0
Minnesota,2014,52238.0,65314.0,58776.0
Dallas,2015,91459.0,72607.0,82033.0
NY Giants,2015,79001.0,70769.0,74885.0
Green Bay,2015,78413.0,65059.0,71736.0
NY Jets,2015,78160.0,72795.0,75477.0
Denver,2015,76922.0,65876.0,71399.0
Washington,2015,76209.0,73301.0,74755.0
Kansas City,2015,74086.0,66072.0,69812.0
Carolina,2015,74056.0,70654.0,72355.0
New Orleans,2015,73038.0,68840.0,70939.0
Houston,2015,71769.0,65581.0,68675.0
Baltimore,2015,71002.0,64487.0,67744.0
San Francisco,2015,70799.0,64520.0,67659.0
Atlanta,2015,70355.0,71478.0,70916.0
Buffalo,2015,69880.0,72720.0,71300.0
Philadelphia,2015,69483.0,74845.0,72164.0
Seattle,2015,69020.0,68221.0,68620.0
Miami,2015,67193.0,69471.0,68332.0
New England,2015,66829.0,75206.0,71017.0
Los Angeles Chargers,2015,66772.0,65284.0,66028.0
Cleveland,2015,66186.0,66596.0,66391.0
Indianapolis,2015,66047.0,67386.0,66717.0
Pittsburgh,2015,64356.0,66982.0,65669.0
Arizona,2015,64185.0,64369.0,64277.0
Tennessee,2015,62304.0,68365.0,65334.0
Chicago,2015,62035.0,65472.0,63754.0
Tampa Bay,2015,61560.0,68614.0,65087.0
Jacksonville,2015,61463.0,67780.0,64832.0
Cincinnati,2015,61389.0,67125.0,64257.0
Detroit,2015,61347.0,66870.0,64109.0
Las Vegas Raiders,2015,54613.0,66764.0,60689.0
Minnesota,2015,52430.0,67359.0,59894.0
Los Angeles Rams,2015,52402.0,67306.0,59854.0
Dallas,2016,92539.0,72721.0,82630.0
NY Giants,2016,78789.0,73375.0,76082.0
Washington,2016,78304.0,72527.0,75415.0
Green Bay,2016,78215.0,67936.0,73075.0
NY Jets,2016,78160.0,67887.0,73023.0
Denver,2016,76774.0,64968.0,70871.0
Los Angeles Rams,2016,74121.0,66618.0,67452.0
Carolina,2016,73792.0,69032.0,71571.0
Kansas City,2016,73328.0,66073.0,69700.0
New Orleans,2016,73109.0,69520.0,71314.0
Houston,2016,71868.0,68684.0,70382.0
Baltimore,2016,71102.0,70663.0,70883.0
San Francisco,2016,70178.0,67726.0,69033.0
Atlanta,2016,69999.0,69549.0,69774.0
Philadelphia,2016,69596.0,71066.0,70331.0
Seattle,2016,69073.0,70739.0,69850.0
Buffalo,2016,68509.0,66707.0,67668.0
New England,2016,66829.0,70017.0,68423.0
Minnesota,2016,66786.0,68776.0,67781.0
Indianapolis,2016,65549.0,70293.0,67763.0
Miami,2016,65512.0,66506.0,65976.0
Arizona,2016,64831.0,69107.0,66827.0
Tennessee,2016,64659.0,62404.0,63531.0
Pittsburgh,2016,64312.0,68890.0,66601.0
Cleveland,2016,64311.0,66292.0,65301.0
Jacksonville,2016,61915.0,64303.0,63189.0
Detroit,2016,60792.0,73620.0,67206.0
Tampa Bay,2016,60624.0,71200.0,65912.0
Cincinnati,2016,60511.0,72587.0,66952.0
Chicago,2016,60368.0,72207.0,66287.0
Los Angeles Chargers,2016,57024.0,67734.0,62379.0
Las Vegas Raiders,2016,54584.0,68826.0,62179.0
Dallas,2017,92721.0,70929.0,81825.0
Green Bay,2017,78092.0,69851.0,73972.0
NY Jets,2017,77562.0,65357.0,71459.0
NY Giants,2017,77179.0,70700.0,73939.0
Denver,2017,76355.0,62101.0,69228.0
Washington,2017,75175.0,67029.0,71102.0
Kansas City,2017,74106.0,67664.0,70885.0
Carolina,2017,73617.0,68127.0,70872.0
New Orleans,2017,73139.0,70116.0,71627.0
Atlanta,2017,71960.0,68422.0,70191.0
Houston,2017,71774.0,63281.0,67527.0
Baltimore,2017,70588.0,65452.0,68020.0
San Francisco,2017,70144.0,67856.0,69000.0
Philadelphia,2017,69596.0,70046.0,69821.0
Seattle,2017,68976.0,72266.0,70621.0
Miami,2017,67627.0,63767.0,65697.0
Buffalo,2017,66775.0,63339.0,65057.0
Minnesota,2017,66721.0,70767.0,68744.0
New England,2017,65878.0,71500.0,68689.0
Tennessee,2017,65651.0,64363.0,65007.0
Jacksonville,2017,64303.0,66892.0,65598.0
Arizona,2017,64217.0,68667.0,66442.0
Detroit,2017,64137.0,66708.0,65422.0
Cleveland,2017,63882.0,57118.0,60500.0
Indianapolis,2017,63440.0,64314.0,63877.0
Los Angeles Rams,2017,63392.0,69390.0,66391.0
Pittsburgh,2017,62471.0,67090.0,64780.0
Chicago,2017,61142.0,66635.0,63888.0
Tampa Bay,2017,59952.0,69667.0,64810.0
Las Vegas Raiders,2017,57775.0,65918.0,61846.0
Cincinnati,2017,53275.0,69039.0,61157.0
Los Angeles Chargers,2017,25335.0,72585.0,48960.0
Dallas,2018,91619.0,71304.0,81462.0
NY Jets,2018,77982.0,63370.0,70676.0
Green Bay,2018,77834.0,67645.0,72740.0
NY Giants,2018,76940.0,70950.0,73945.0
Denver,2018,76446.0,60094.0,68270.0
Kansas City,2018,75972.0,62449.0,69211.0
Carolina,2018,73772.0,64071.0,68922.0
New Orleans,2018,73051.0,70411.0,71731.0
Atlanta,2018,72898.0,66994.0,69946.0
Los Angeles Rams,2018,72429.0,65371.0,68900.0
Houston,2018,71804.0,67255.0,69530.0
Baltimore,2018,70431.0,61241.0,65836.0
Philadelphia,2018,69696.0,74021.0,71858.0
San Francisco,2018,69148.0,62408.0,65778.0
Seattle,2018,69001.0,70761.0,69881.0
Minnesota,2018,66811.0,69542.0,68177.0
Jacksonville,2018,66674.0,69663.0,68268.0
New England,2018,65878.0,67688.0,66783.0
Cleveland,2018,65765.0,64914.0,65340.0
Miami,2018,65560.0,67212.0,66386.0
Buffalo,2018,64961.0,69150.0,67056.0
Tennessee,2018,64520.0,70233.0,67186.0
Pittsburgh,2018,63456.0,66607.0,65031.0
Detroit,2018,62795.0,69033.0,65914.0
Arizona,2018,62013.0,65252.0,63632.0
Chicago,2018,61815.0,69389.0,65602.0
Washington,2018,61028.0,69367.0,65197.0
Indianapolis,2018,59199.0,66595.0,62897.0
Las Vegas Raiders,2018,57919.0,61488.0,59703.0
Tampa Bay,2018,54356.0,70623.0,62490.0
Cincinnati,2018,50753.0,63157.0,56955.0
Los Angeles Chargers,2018,32768.0,67676.0,50222.0
Dallas,2019,90929.0,70199.0,80564.0
NY Jets,2019,78523.0,61065.0,69794.0
Green Bay,2019,77845.0,66487.0,72166.0
Denver,2019,75937.0,62086.0,69011.0
NY Giants,2019,74664.0,68224.0,71444.0
Kansas City,2019,73465.0,66006.0,69735.0
New Orleans,2019,73082.0,66549.0,69816.0
Carolina,2019,72220.0,68071.0,70145.0
Houston,2019,71793.0,62686.0,67239.0
Atlanta,2019,71601.0,65831.0,68716.0
Los Angeles Rams,2019,71229.0,70673.0,70933.0
Baltimore,2019,70627.0,65792.0,68210.0
San Francisco,2019,70305.0,64751.0,67528.0
Philadelphia,2019,69783.0,72657.0,71220.0
Seattle,2019,68990.0,68715.0,68853.0
Buffalo,2019,68839.0,71579.0,70209.0
Cleveland,2019,67431.0,66959.0,67195.0
Minnesota,2019,66849.0,66903.0,66876.0
New England,2019,65753.0,70110.0,67931.0
Washington,2019,65488.0,72195.0,68841.0
Tennessee,2019,64509.0,66427.0,65468.0
Jacksonville,2019,63085.0,63748.0,63417.0
Miami,2019,63067.0,70243.0,66655.0
Pittsburgh,2019,62237.0,61086.0,61661.0
Chicago,2019,61916.0,70765.0,66045.0
Detroit,2019,61342.0,65143.0,63243.0
Arizona,2019,61323.0,63740.0,62531.0
Indianapolis,2019,61110.0,59520.0,60315.0
Las Vegas Raiders,2019,52549.0,66604.0,60045.0
Tampa Bay,2019,51898.0,66734.0,59316.0
Cincinnati,2019,47179.0,66276.0,56727.0
Los Angeles Chargers,2019,31750.0,63329.0,47540.0
Dallas,2020,28187.0,10322.0,25954.0
Jacksonville,2020,15919.0,9544.0,14180.0
Tampa Bay,2020,14483.0,7248.0,12312.0
Kansas City,2020,13153.0,7464.0,10965.0
Houston,2020,12400.0,12466.0,12427.0
Miami,2020,12294.0,6528.0,10372.0
Minnesota,2020,12200.0,8408.0,9166.0
Tennessee,2020,12075.0,12644.0,12282.0
Indianapolis,2020,9945.0,10091.0,9993.0
Cleveland,2020,9811.0,11654.0,10662.0
Cincinnati,2020,9566.0,9856.0,9687.0
Atlanta,2020,8800.0,10179.0,9413.0
Denver,2020,5280.0,4335.0,4713.0
Carolina,2020,4889.0,7536.0,5478.0
Pittsburgh,2020,3969.0,14313.0,10175.0
New Orleans,2020,3621.0,8651.0,5297.0
Arizona,2020,2800.0,15147.0,7738.0
Baltimore,2020,2172.0,11557.0,7803.0
Washington,2020,1500.0,12016.0,7809.0
Buffalo,2020,,5919.0,0.0
Chicago,2020,,12185.0,9139.0
Detroit,2020,,10770.0,0.0
Green Bay,2020,,13551.0,0.0
Las Vegas Raiders,2020,,8351.0,6681.0
Los Angeles Rams,2020,,14063.0,0.0
New England,2020,,9646.0,6431.0
NY Giants,2020,,12785.0,9588.0
NY Jets,2020,,7546.0,6036.0
Philadelphia,2020,,9194.0,0.0
Los Angeles Chargers,2020,,7670.0,6392.0
San Francisco,2020,,12023.0,7214.0
Seattle,2020,,12369.0,4123.0
Dallas,2021,93421.0,68833.0,80403.0
Green Bay,2021,77991.0,62589.0,69837.0
Denver,2021,76236.0,69719.0,73169.0
NY Giants,2021,73882.0,68537.0,71052.0
Kansas City,2021,73227.0,66737.0,70173.0
Carolina,2021,71906.0,69654.0,70714.0
NY Jets,2021,71676.0,66011.0,69010.0
Los Angeles Rams,2021,71598.0,68332.0,69869.0
Baltimore,2021,70537.0,63289.0,67126.0
Los Angeles Chargers,2021,70240.0,65149.0,67844.0
Philadelphia,2021,69796.0,68805.0,69271.0
Tennessee,2021,68566.0,65022.0,66898.0
Seattle,2021,68408.0,65973.0,67118.0
Buffalo,2021,67816.0,68660.0,68214.0
Atlanta,2021,67586.0,70357.0,69053.0
Cleveland,2021,67431.0,69140.0,68235.0
Houston,2021,66811.0,64156.0,65562.0
Minnesota,2021,66701.0,64964.0,65782.0
San Francisco,2021,66670.0,64008.0,65261.0
New England,2021,65878.0,69675.0,67665.0
Tampa Bay,2021,65372.0,67760.0,66636.0
New Orleans,2021,64929.0,66408.0,65712.0
Miami,2021,64374.0,66432.0,65342.0
Arizona,2021,62622.0,65553.0,64174.0
Indianapolis,2021,62475.0,64893.0,63612.0
Las Vegas Raiders,2021,61185.0,73186.0,66833.0
Chicago,2021,60834.0,65907.0,63520.0
Pittsburgh,2021,60488.0,69939.0,64936.0
Cincinnati,2021,60325.0,64148.0,62124.0
Jacksonville,2021,59968.0,66346.0,62970.0
Washington,2021,52751.0,73227.0,63591.0
Detroit,2021,51522.0,68313.0,60411.0
Dallas,2022,93465.0,71046.0,82915.0
NY Jets,2022,78009.0,69742.0,73633.0
NY Giants,2022,76474.0,69462.0,73174.0
Green Bay,2022,76180.0,66033.0,71405.0
Denver,2022,75980.0,71463.0,73589.0
Kansas City,2022,73499.0,68333.0,70764.0
Los Angeles Rams,2022,72734.0,70451.0,71659.0
San Francisco,2022,71629.0,70571.0,71131.0
Carolina,2022,71351.0,69905.0,70671.0
Baltimore,2022,70589.0,68979.0,69736.0
Los Angeles Chargers,2022,69955.0,68481.0,69175.0
Philadelphia,2022,69869.0,68954.0,69439.0
Atlanta,2022,69583.0,67679.0,68687.0
Tampa Bay,2022,68988.0,71863.0,70341.0
New Orleans,2022,68987.0,68452.0,68735.0
Seattle,2022,68832.0,69335.0,69069.0
Tennessee,2022,68616.0,68657.0,68638.0
Buffalo,2022,68431.0,69953.0,69192.0
Houston,2022,67911.0,68886.0,68427.0
Cleveland,2022,67431.0,64377.0,65814.0
Minnesota,2022,66687.0,66335.0,66521.0
Jacksonville,2022,66459.0,66561.0,66513.0
Pittsburgh,2022,66280.0,69004.0,67722.0
Cincinnati,2022,66247.0,71740.0,69337.0
Miami,2022,66230.0,69201.0,67803.0
New England,2022,65878.0,69428.0,67757.0
Indianapolis,2022,65559.0,71029.0,68455.0
Arizona,2022,65203.0,69370.0,67164.0
Detroit,2022,63423.0,73315.0,68078.0
Las Vegas Raiders,2022,62045.0,69953.0,66232.0
Chicago,2022,59823.0,74107.0,66545.0
Washington,2022,58106.0,70191.0,63793.0
Dallas,2023,93594.0,69998.0,81102.0
NY Giants,2023,79307.0,69765.0,74256.0
NY Jets,2023,77890.0,73117.0,75644.0
Green Bay,2023,77829.0,68863.0,73082.0
Denver,2023,76388.0,67435.0,72175.0
Los Angeles Rams,2023,73150.0,72205.0,72649.0
San Francisco,2023,71655.0,68118.0,69783.0
Carolina,2023,71635.0,65646.0,68465.0
Houston,2023,71193.0,68024.0,69702.0
Kansas City,2023,70968.0,70854.0,70914.0
Baltimore,2023,70597.0,66919.0,68866.0
New Orleans,2023,70020.0,69823.0,69916.0
Philadelphia,2023,69878.0,73857.0,71984.0
Los Angeles Chargers,2023,69736.0,70413.0,70055.0
Buffalo,2023,69609.0,69589.0,69600.0
Atlanta,2023,69603.0,68843.0,69200.0
Jacksonville,2023,69031.0,66162.0,67681.0
Seattle,2023,68735.0,71482.0,70190.0
Cleveland,2023,67810.0,70378.0,68934.0
Pittsburgh,2023,66977.0,67960.0,67439.0
Minnesota,2023,66913.0,69088.0,68065.0
Cincinnati,2023,66040.0,68791.0,67335.0
Miami,2023,65922.0,67909.0,66857.0
Indianapolis,2023,65230.0,65792.0,65511.0
Detroit,2023,64850.0,72389.0,68841.0
Tennessee,2023,64520.0,67085.0,65727.0
Washington,2023,63950.0,73793.0,69161.0
Tampa Bay,2023,63756.0,69971.0,67046.0
New England,2023,63018.0,74747.0,68538.0
Arizona,2023,62864.0,67850.0,65504.0
Las Vegas Raiders,2023,62190.0,68916.0,65355.0
Chicago,2023,61769.0,68592.0,65381.0
Dallas,2024,92972.0,70603.0,82445.0
NY Jets,2024,78789.0,65927.0,71554.0
NY Giants,2024,78470.0,70926.0,74920.0
Green Bay,2024,78003.0,64027.0,71426.0
Denver,2024,73969.0,69250.0,71609.0
Kansas City,2024,73593.0,70292.0,71612.0
Los Angeles Rams,2024,73194.0,67534.0,70530.0
San Francisco,2024,71422.0,69219.0,70385.0
Atlanta,2024,71381.0,67869.0,69728.0
Houston,2024,71333.0,70743.0,71038.0
Baltimore,2024,71052.0,72507.0,71822.0
Buffalo,2024,70695.0,69711.0,70174.0
Carolina,2024,70612.0,66892.0,68862.0
New Orleans,2024,70012.0,74631.0,72185.0
Los Angeles Chargers,2024,69966.0,67900.0,68872.0
Philadelphia,2024,69879.0,73471.0,71675.0
Seattle,2024,68660.0,68544.0,68606.0
Cleveland,2024,67726.0,65874.0,66745.0
Pittsburgh,2024,66880.0,68484.0,67729.0
Cincinnati,2024,66294.0,72934.0,69809.0
Minnesota,2024,66286.0,69616.0,67853.0
Indianapolis,2024,65767.0,70616.0,68334.0
Jacksonville,2024,65764.0,65372.0,65557.0
Miami,2024,65643.0,69833.0,67861.0
Detroit,2024,64922.0,71128.0,67842.0
Tennessee,2024,64819.0,65573.0,65218.0
New England,2024,64634.0,70055.0,67504.0
Arizona,2024,63975.0,70328.0,66965.0
Tampa Bay,2024,63689.0,73369.0,67924.0
Washington,2024,63428.0,71631.0,67288.0
Las Vegas Raiders,2024,62175.0,69489.0,66047.0
Chicago,2024,58649.0,68520.0,63294.0
